Date,Long,Short,Total,% Long,% Short,Net Positions
7-Apr-26,"200,946","208,487","409,433",49%,51%,"-7,541"
31-Mar-26,"200,168","199,661","399,829",50%,50%,507
24-Mar-26,"200,025","190,746","390,771",51%,49%,"9,279"
17-Mar-26,"212,886","191,754","404,640",53%,47%,"21,132"
10-Mar-26,"265,686","160,542","426,228",62%,38%,"105,144"
3-Mar-26,"294,586","158,088","452,674",65%,35%,"136,498"
24-Feb-26,"294,873","138,017","432,890",68%,32%,"156,856"
17-Feb-26,"311,549","137,069","448,618",69%,31%,"174,480"
10-Feb-26,"318,704","138,399","457,103",70%,30%,"180,305"
3-Feb-26,"302,301","138,940","441,241",69%,31%,"163,361"
27-Jan-26,"290,336","158,202","448,538",65%,35%,"132,134"
20-Jan-26,"275,235","163,540","438,775",63%,37%,"111,695"
13-Jan-26,"283,592","150,936","434,528",65%,35%,"132,656"
6-Jan-26,"298,253","135,441","433,694",69%,31%,"162,812"
30-Dec-25,"294,738","137,273","432,011",68%,32%,"157,465"
23-Dec-25,"293,179","133,288","426,467",69%,31%,"159,891"
16-Dec-25,"277,002","132,099","409,101",68%,32%,"144,903"
9-Dec-25,"268,118","129,330","397,448",67%,33%,"138,788"
2-Dec-25,"249,672","141,219","390,891",64%,36%,"108,453"
25-Nov-25,"244,392","150,321","394,713",62%,38%,"94,071"
18-Nov-25,"243,961","144,954","388,915",63%,37%,"99,007"
10-Nov-25,"235,920","162,331","398,251",59%,41%,"73,589"
4-Nov-25,"252,542","160,747","413,289",61%,39%,"91,795"
28-Oct-25,"250,400","143,067","393,467",64%,36%,"107,333"
21-Oct-25,"244,507","132,755","377,262",65%,35%,"111,752"
14-Oct-25,"243,010","134,685","377,695",64%,36%,"108,325"
7-Oct-25,"255,907","137,542","393,449",65%,35%,"118,365"
30-Sep-25,"252,530","135,161","387,691",65%,35%,"117,369"
23-Sep-25,"252,472","138,127","390,599",65%,35%,"114,345"
16-Sep-25,"253,261","135,502","388,763",65%,35%,"117,759"
9-Sep-25,"258,049","132,372","390,421",66%,34%,"125,677"
2-Sep-25,"255,660","136,068","391,728",65%,35%,"119,592"
26-Aug-25,"258,386","135,347","393,733",66%,34%,"123,039"
19-Aug-25,"252,719","133,974","386,693",65%,35%,"118,745"
12-Aug-25,"246,299","130,868","377,167",65%,35%,"115,431"
5-Aug-25,"247,357","131,398","378,755",65%,35%,"115,959"
29-Jul-25,"248,841","125,482","374,323",66%,34%,"123,359"
22-Jul-25,"248,380","122,865","371,245",67%,33%,"125,515"
15-Jul-25,"242,096","113,875","355,971",68%,32%,"128,221"
8-Jul-25,"241,125","120,529","361,654",67%,33%,"120,596"
1-Jul-25,"224,979","117,442","342,421",66%,34%,"107,537"
24-Jun-25,"223,791","112,656","336,447",67%,33%,"111,135"
17-Jun-25,"220,811","119,258","340,069",65%,35%,"101,553"
10-Jun-25,"208,754","115,729","324,483",64%,36%,"93,025"
3-Jun-25,"202,786","120,022","322,808",63%,37%,"82,764"
27-May-25,"204,326","124,852","329,178",62%,38%,"79,474"
20-May-25,"206,042","131,589","337,631",61%,39%,"74,453"
13-May-25,"209,549","124,775","334,324",63%,37%,"84,774"
6-May-25,"194,192","118,473","312,665",62%,38%,"75,719"
29-Apr-25,"196,388","120,591","316,979",62%,38%,"75,797"
22-Apr-25,"196,205","131,177","327,382",60%,40%,"65,028"
15-Apr-25,"197,103","127,823","324,926",61%,39%,"69,280"
8-Apr-25,"190,296","130,316","320,612",59%,41%,"59,980"
1-Apr-25,"183,247","131,412","314,659",58%,42%,"51,835"
25-Mar-25,"189,796","124,271","314,067",60%,40%,"65,525"
18-Mar-25,"188,952","129,527","318,479",59%,41%,"59,425"
11-Mar-25,"188,647","175,557","364,204",52%,48%,"13,090"
4-Mar-25,"185,223","195,329","380,552",49%,51%,"-10,106"
25-Feb-25,"182,699","208,124","390,823",47%,53%,"-25,425"
18-Feb-25,"170,320","221,740","392,060",43%,57%,"-51,420"
11-Feb-25,"165,594","230,019","395,613",42%,58%,"-64,425"
4-Feb-25,"162,554","221,168","383,722",42%,58%,"-58,614"
28-Jan-25,"153,660","220,264","373,924",41%,59%,"-66,604"
21-Jan-25,"167,665","230,151","397,816",42%,58%,"-62,486"
14-Jan-25,"162,760","223,157","385,917",42%,58%,"-60,397"
7-Jan-25,"166,503","230,627","397,130",42%,58%,"-64,124"
31-Dec-24,"168,806","238,370","407,176",41%,59%,"-69,564"
24-Dec-24,"159,471","227,978","387,449",41%,59%,"-68,507"
17-Dec-24,"152,671","218,566","371,237",41%,59%,"-65,895"
10-Dec-24,"157,375","232,948","390,323",40%,60%,"-75,573"
3-Dec-24,"167,693","225,182","392,875",43%,57%,"-57,489"
26-Nov-24,"156,334","212,343","368,677",42%,58%,"-56,009"
19-Nov-24,"154,305","196,862","351,167",44%,56%,"-42,557"
12-Nov-24,"160,003","167,440","327,443",49%,51%,"-7,437"
5-Nov-24,"159,900","181,553","341,453",47%,53%,"-21,653"
29-Oct-24,"159,313","209,617","368,930",43%,57%,"-50,304"
22-Oct-24,"153,159","181,683","334,842",46%,54%,"-28,524"
15-Oct-24,"169,319","152,169","321,488",53%,47%,"17,150"
8-Oct-24,"173,866","134,768","308,634",56%,44%,"39,098"
1-Oct-24,"178,273","122,946","301,219",59%,41%,"55,327"
24-Sep-24,"187,795","116,097","303,892",62%,38%,"71,698"
17-Sep-24,"182,281","112,635","294,916",62%,38%,"69,646"
10-Sep-24,"192,821","111,388","304,209",63%,37%,"81,433"
3-Sep-24,"215,969","115,951","331,920",65%,35%,"100,018"
27-Aug-24,"218,381","125,543","343,924",63%,37%,"92,838"
20-Aug-24,"194,350","138,333","332,683",58%,42%,"56,017"
13-Aug-24,"182,212","155,229","337,441",54%,46%,"26,983"
6-Aug-24,"185,799","152,219","338,018",55%,45%,"33,580"
30-Jul-24,"183,006","165,207","348,213",53%,47%,"17,799"
23-Jul-24,"188,929","153,023","341,952",55%,45%,"35,906"
16-Jul-24,"179,937","155,188","335,125",54%,46%,"24,749"
9-Jul-24,"165,829","162,206","328,035",51%,49%,"3,623"
2-Jul-24,"164,369","173,888","338,257",49%,51%,"-9,519"
25-Jun-25,"167,370","175,801","343,171",49%,51%,"-8,431"
18-Jun-24,"171,464","163,513","334,977",51%,49%,"7,951"
11-Jun-24,"187,697","144,053","331,750",57%,43%,"43,644"
4-Jun-24,"188,957","121,087","310,044",61%,39%,"67,870"
28-May-24,"184,656","127,084","311,740",59%,41%,"57,572"
21-May-24,"182,574","141,099","323,673",56%,44%,"41,475"
14-May-24,"178,398","161,243","339,641",53%,47%,"17,155"
7-May-24,"170,594","166,004","336,598",51%,49%,"4,590"
30-Apr-24,"167,185","173,962","341,147",49%,51%,"-6,777"
23-Apr-24,"167,296","177,285","344,581",49%,51%,"-9,989"
16-Apr-24,"178,912","166,688","345,600",52%,48%,"12,224"
9-Apr-24,"175,419","142,696","318,115",55%,45%,"32,723"
2-Apr-24,"188,258","171,464","359,722",52%,48%,"16,794"
26-Mar-24,"180,193","148,999","329,192",55%,45%,"31,194"
19-Mar-24,"182,382","134,040","316,422",58%,42%,"48,342"
12-Mar-24,"193,998","119,591","313,589",62%,38%,"74,407"
5-Mar-24,"200,025","133,714","333,739",60%,40%,"66,311"
27-Feb-24,"205,234","142,380","347,614",59%,41%,"62,854"
20-Feb-24,"213,194","145,178","358,372",59%,41%,"68,016"
13-Feb-24,"210,848","158,010","368,858",57%,43%,"52,838"
6-Feb-24,"202,450","140,297","342,747",59%,41%,"62,153"
30-Jan-24,"200,360","111,589","311,949",64%,36%,"88,771"
23-Jan-24,"195,190","106,866","302,056",65%,35%,"88,324"
16-Jan-24,"204,294","100,202","304,496",67%,33%,"104,092"
9-Jan-24,"208,473","89,596","298,069",70%,30%,"118,877"
2-Jan-24,"211,912","92,436","304,348",70%,30%,"119,476"
26-Dec-23,"211,195","93,804","304,999",69%,31%,"117,391"
19-Dec-23,"208,078","93,486","301,564",69%,31%,"114,592"
12-Dec-23,"231,837","84,510","316,347",73%,27%,"147,327"
5-Dec-23,"235,684","83,324","319,008",74%,26%,"152,360"
28-Nov-23,"233,454","90,289","323,743",72%,28%,"143,165"
21-Nov-23,"231,095","101,441","332,536",69%,31%,"129,654"
14-Nov-23,"221,190","112,283","333,473",66%,34%,"108,907"
7-Nov-23,"212,483","123,427","335,910",63%,37%,"89,056"
31-Oct-23,"210,834","125,445","336,279",63%,37%,"85,389"
24-Oct-23,"215,569","130,316","345,885",62%,38%,"85,253"
17-Oct-23,"214,313","131,903","346,216",62%,38%,"82,410"
10-Oct-23,"207,522","131,990","339,512",61%,39%,"75,532"
3-Oct-23,"211,783","132,840","344,623",61%,39%,"78,943"
26-Sep-23,"211,516","113,117","324,633",65%,35%,"98,399"
19-Sep-23,"207,424","105,443","312,867",66%,34%,"101,981"
12-Sep-23,"212,376","99,296","311,672",68%,32%,"113,080"
5-Sep-23,"235,732","99,501","335,233",70%,30%,"136,231"
29-Aug-23,"230,542","83,863","314,405",73%,27%,"146,679"
22-Aug-23,"239,391","80,631","320,022",75%,25%,"158,760"
15-Aug-23,"232,466","72,603","305,069",76%,24%,"159,863"
8-Aug-23,"228,048","78,237","306,285",74%,26%,"149,811"
1-Aug-23,"240,074","68,012","308,086",78%,22%,"172,062"
25-Jul-23,"250,647","73,417","324,064",77%,23%,"177,230"
18-Jul-23,"264,514","85,682","350,196",76%,24%,"178,832"
11-Jul-23,"224,351","84,189","308,540",73%,27%,"140,162"
3-Jul-23,"221,272","78,435","299,707",74%,26%,"142,837"
27-Jun-23,"223,977","78,949","302,926",74%,26%,"145,028"
20-Jun-23,"229,399","84,750","314,149",73%,27%,"144,649"
13-Jun-23,"226,138","74,316","300,454",75%,25%,"151,822"
6-Jun-23,"236,060","77,639","313,699",75%,25%,"158,421"
30-May-23,"241,817","76,092","317,909",76%,24%,"165,725"
23-May-23,"250,070","76,334","326,404",77%,23%,"173,736"
16-May-23,"258,736","71,647","330,383",78%,22%,"187,089"
9-May-23,"260,335","80,913","341,248",76%,24%,"179,422"
2-May-23,"246,832","73,343","320,175",77%,23%,"173,489"
25-Apr-23,"243,516","74,116","317,632",77%,23%,"169,400"
18-Apr-23,"242,369","78,008","320,377",76%,24%,"164,361"
11-Apr-23,"244,180","80,842","325,022",75%,25%,"163,338"
4-Apr-23,"225,416","82,023","307,439",73%,27%,"143,393"
28-Mar-23,"222,918","77,893","300,811",74%,26%,"145,025"
21-Mar-23,"215,825","70,983","286,808",75%,25%,"144,842"
14-Mar-23,"222,313","82,357","304,670",73%,27%,"139,956"
7-Mar-23,"233,880","85,432","319,312",73%,27%,"148,448"
28-Feb-23,"240,766","78,567","319,333",75%,25%,"162,199"
21-Feb-23,"236,414","71,346","307,760",77%,23%,"165,068"
14-Feb-23,"236,574","72,668","309,242",77%,23%,"163,906"
7-Feb-23,"238,338","73,300","311,638",76%,24%,"165,038"
31-Jan-23,"246,755","96,246","343,001",72%,28%,"150,509"
24-Jan-23,"237,743","103,394","341,137",70%,30%,"134,349"
17-Jan-23,"228,279","101,295","329,574",69%,31%,"126,984"
10-Jan-23,"238,623","103,641","342,264",70%,30%,"134,982"
3-Jan-23,"222,543","92,628","315,171",71%,29%,"129,915"
27-Dec-22,"251,887","105,725","357,612",70%,30%,"146,162"
20-Dec-22,"249,149","106,877","356,026",70%,30%,"142,272"
13-Dec-22,"236,415","111,700","348,115",68%,32%,"124,715"
6-Dec-22,"245,063","120,180","365,243",67%,33%,"124,883"
29-Nov-22,"241,122","118,875","359,997",67%,33%,"122,247"
22-Nov-22,"239,598","116,486","356,084",67%,33%,"123,112"
15-Nov-22,"239,369","126,703","366,072",65%,35%,"112,666"
8-Nov-22,"232,317","124,718","357,035",65%,35%,"107,599"
1-Nov-22,"239,770","133,980","373,750",64%,36%,"105,790"
25-Oct-22,"226,734","151,825","378,559",60%,40%,"74,909"
18-Oct-22,"202,703","154,553","357,256",57%,43%,"48,150"
11-Oct-22,"196,136","158,637","354,773",55%,45%,"37,499"
4-Oct-22,"199,391","155,709","355,100",56%,44%,"43,682"
27-Sep-22,"208,736","174,939","383,675",54%,46%,"33,797"
20-Sep-22,"206,564","173,115","379,679",54%,46%,"33,449"
13-Sep-22,"207,778","219,615","427,393",49%,51%,"-11,837"
6-Sep-22,"205,277","241,626","446,903",46%,54%,"-36,349"
30-Aug-22,"202,258","249,934","452,192",45%,55%,"-47,676"
23-Aug-22,"210,825","254,934","465,759",45%,55%,"-44,109"
16-Aug-22,"199,226","242,010","441,236",45%,55%,"-42,784"
9-Aug-22,"200,088","234,624","434,712",46%,54%,"-34,536"
2-Aug-22,"191,692","230,503","422,195",45%,55%,"-38,811"
26-Jul-22,"198,041","239,625","437,666",45%,55%,"-41,584"
19-Jul-22,"195,875","238,620","434,495",45%,55%,"-42,745"
12-Jul-22,"197,240","222,484","419,724",47%,53%,"-25,244"
5-Jul-22,"197,138","213,990","411,128",48%,52%,"-16,852"
28-Jun-22,"189,414","200,010","389,424",49%,51%,"-10,596"
21-Jun-22,"195,554","211,159","406,713",48%,52%,"-15,605"
14-Jun-22,"206,986","213,004","419,990",49%,51%,"-6,018"
7-Jun-22,"230,248","179,705","409,953",56%,44%,"50,543"
31-May-22,"236,553","184,281","420,834",56%,44%,"52,272"
24-May-22,"237,072","198,142","435,214",54%,46%,"38,930"
17-May-22,"230,770","210,431","441,201",52%,48%,"20,339"
10-May-22,"228,230","211,701","439,931",52%,48%,"16,529"
3-May-22,"208,449","214,827","423,276",49%,51%,"-6,378"
26-Apr-22,"222,993","200,792","423,785",53%,47%,"22,201"
19-Apr-22,"221,003","189,702","410,705",54%,46%,"31,301"
12-Apr-22,"221,645","182,585","404,230",55%,45%,"39,060"
5-Apr-22,"210,914","183,544","394,458",53%,47%,"27,370"
29-Mar-22,"200,043","178,669","378,712",53%,47%,"21,374"
22-Mar-22,"207,051","183,208","390,259",53%,47%,"23,843"
15-Mar-22,"202,040","183,246","385,286",52%,48%,"18,794"
8-Mar-22,"242,683","183,839","426,522",57%,43%,"58,844"
1-Mar-22,"228,385","163,446","391,831",58%,42%,"64,939"
22-Feb-22,"214,195","154,889","369,084",58%,42%,"59,306"
15-Feb-22,"217,899","170,318","388,217",56%,44%,"47,581"
8-Feb-22,"218,973","180,131","399,104",55%,45%,"38,842"
1-Feb-22,"213,563","183,847","397,410",54%,46%,"29,716"
25-Jan-22,"213,408","181,848","395,256",54%,46%,"31,560"
18-Jan-22,"211,901","187,317","399,218",53%,47%,"24,584"
11-Jan-22,"204,361","198,356","402,717",51%,49%,"6,005"
4-Jan-22,"199,073","200,627","399,700",50%,50%,"-1,554"
28-Dec-21,"198,617","205,251","403,868",49%,51%,"-6,634"
21-Dec-21,"196,595","206,757","403,352",49%,51%,"-10,162"
14-Dec-21,"189,530","201,409","390,939",48%,52%,"-11,879"
7-Dec-21,"194,869","203,168","398,037",49%,51%,"-8,299"
30-Nov-21,"191,048","214,288","405,336",47%,53%,"-23,240"
23-Nov-21,"204,214","220,666","424,880",48%,52%,"-16,452"
16-Nov-21,"198,181","202,007","400,188",50%,50%,"-3,826"
9-Nov-21,"192,544","188,771","381,315",50%,50%,"3,773"
2-Nov-21,"191,496","197,634","389,130",49%,51%,"-6,138"
26-Oct-21,"196,880","208,136","405,016",49%,51%,"-11,256"
19-Oct-21,"193,320","205,427","398,747",48%,52%,"-12,107"
12-Oct-21,"202,512","220,910","423,422",48%,52%,"-18,398"
5-Oct-21,"196,819","219,153","415,972",47%,53%,"-22,334"
28-Sep-21,"195,043","194,171","389,214",50%,50%,872
21-Sep-21,"189,406","177,311","366,717",52%,48%,"12,095"
14-Sep-21,"186,554","158,749","345,303",54%,46%,"27,805"
7-Sep-21,"189,904","163,596","353,500",54%,46%,"26,308"
31-Aug-21,"190,593","180,117","370,710",51%,49%,"10,476"
24-Aug-21,"194,169","169,539","363,708",53%,47%,"24,630"
17-Aug-21,"233,529","175,889","409,418",57%,43%,"57,640"
10-Aug-21,"212,809","178,952","391,761",54%,46%,"33,857"
3-Aug-21,"199,067","161,060","360,127",55%,45%,"38,007"
27-Jul-21,"202,245","164,119","366,364",55%,45%,"38,126"
20-Jul-21,"208,669","162,847","371,516",56%,44%,"45,822"
13-Jul-21,"212,851","153,138","365,989",58%,42%,"59,713"
6-Jul-21,"212,998","135,808","348,806",61%,39%,"77,190"
29-Jun-21,"209,058","121,912","330,970",63%,37%,"87,146"
22-Jun-21,"207,863","118,806","326,669",64%,36%,"89,057"
15-Jun-21,"210,816","92,630","303,446",69%,31%,"118,186"
8-Jun-21,"232,103","124,890","356,993",65%,35%,"107,213"
1-Jun-21,"237,360","128,038","365,398",65%,35%,"109,322"
25-May-21,"236,103","132,103","368,206",64%,36%,"104,000"
18-May-21,"232,330","132,472","364,802",64%,36%,"99,858"
11-May-21,"223,387","129,480","352,867",63%,37%,"93,907"
4-May-21,"206,472","121,643","328,115",63%,37%,"84,829"
27-Apr-21,"200,415","119,448","319,863",63%,37%,"80,967"
20-Apr-21,"197,137","116,329","313,466",63%,37%,"80,808"
13-Apr-21,"190,640","123,789","314,429",61%,39%,"66,851"
6-Apr-21,"192,230","124,708","316,938",61%,39%,"67,522"
30-Mar-21,"194,763","121,024","315,787",62%,38%,"73,739"
23-Mar-21,"195,500","102,178","297,678",66%,34%,"93,322"
16-Mar-21,"195,857","105,881","301,738",65%,35%,"89,976"
9-Mar-21,"207,588","105,624","313,212",66%,34%,"101,964"
2-Mar-21,"222,655","96,667","319,322",70%,30%,"125,988"
23-Feb-21,"228,501","90,136","318,637",72%,28%,"138,365"
16-Feb-21,"222,895","82,889","305,784",73%,27%,"140,006"
9-Feb-21,"220,943","80,721","301,664",73%,27%,"140,222"
2-Feb-21,"216,887","79,884","296,771",73%,27%,"137,003"
26-Jan-21,"238,099","72,755","310,854",77%,23%,"165,344"
19-Jan-21,"236,533","73,067","309,600",76%,24%,"163,466"
12-Jan-21,"228,757","72,867","301,624",76%,24%,"155,890"
5-Jan-21,"224,832","81,841","306,673",73%,27%,"142,991"
29-Dec-20,"222,848","79,772","302,620",74%,26%,"143,076"
21-Dec-20,"222,443","78,541","300,984",74%,26%,"143,902"
15-Dec-20,"218,710","76,877","295,587",74%,26%,"141,833"
8-Dec-20,"222,521","66,092","288,613",77%,23%,"156,429"
1-Dec-20,"207,302","67,408","274,710",75%,25%,"139,894"
24-Nov-20,"206,354","68,104","274,458",75%,25%,"138,250"
17-Nov-20,"203,551","69,591","273,142",75%,25%,"133,960"
10-Nov-20,"202,374","67,087","269,461",75%,25%,"135,287"
3-Nov-20,"208,237","67,888","276,125",75%,25%,"140,349"
27-Oct-20,"217,443","61,888","279,331",78%,22%,"155,555"
20-Oct-20,"229,878","63,935","293,813",78%,22%,"165,943"
13-Oct-20,"228,295","59,658","287,953",79%,21%,"168,637"
6-Oct-20,"231,369","57,061","288,430",80%,20%,"174,308"
29-Sep-20,"241,967","53,851","295,818",82%,18%,"188,116"
22-Sep-20,"247,049","56,227","303,276",81%,19%,"190,822"
15-Sep-20,"230,695","52,119","282,814",82%,18%,"178,576"
8-Sep-20,"248,683","51,869","300,552",83%,17%,"196,814"
1-Sep-20,"250,867","54,120","304,987",82%,18%,"196,747"
25-Aug-20,"262,061","50,309","312,370",84%,16%,"211,752"
18-Aug-20,"259,244","62,301","321,545",81%,19%,"196,943"
11-Aug-20,"266,078","66,327","332,405",80%,20%,"199,751"
4-Aug-20,"262,109","81,461","343,570",76%,24%,"180,648"
28-Jul-20,"242,127","84,568","326,695",74%,26%,"157,559"
21-Jul-20,"204,185","79,138","283,323",72%,28%,"125,047"
14-Jul-20,"194,252","83,340","277,592",70%,30%,"110,912"
7-Jul-20,"185,159","81,562","266,721",69%,31%,"103,597"
30-Jun-20,"180,387","81,432","261,819",69%,31%,"98,955"
23-Jun-20,"190,816","72,368","263,184",73%,27%,"118,448"
16-Jun-20,"187,120","69,988","257,108",73%,27%,"117,132"
9-Jun-20,"184,669","89,020","273,689",67%,33%,"95,649"
2-Jun-20,"174,412","93,172","267,584",65%,35%,"81,240"
26-May-20,"175,034","99,812","274,846",64%,36%,"75,222"
19-May-20,"167,756","95,194","262,950",64%,36%,"72,562"
12-May-20,"171,980","93,840","265,820",65%,35%,"78,140"
5-May-20,"169,272","92,973","262,245",65%,35%,"76,299"
28-Apr-20,"167,264","87,583","254,847",66%,34%,"79,681"
21-Apr-20,"170,378","83,160","253,538",67%,33%,"87,218"
14-Apr-20,"165,078","78,461","243,539",68%,32%,"86,617"
7-Apr-20,"161,185","81,561","242,746",66%,34%,"79,624"
31-Mar-20,"155,047","80,800","235,847",66%,34%,"74,247"
24-Mar-20,"152,360","91,070","243,430",63%,37%,"61,290"
17-Mar-20,"147,133","114,638","261,771",56%,44%,"32,495"
10-Mar-20,"153,820","166,487","320,307",48%,52%,"-12,667"
3-Mar-20,"151,904","238,607","390,511",39%,61%,"-86,703"
25-Feb-20,"157,587","271,608","429,195",37%,63%,"-114,021"
18-Feb-20,"170,586","262,093","432,679",39%,61%,"-91,507"
11-Feb-20,"169,475","255,144","424,619",40%,60%,"-85,669"
4-Feb-20,"166,925","242,005","408,930",41%,59%,"-75,080"
28-Jan-20,"180,653","239,515","420,168",43%,57%,"-58,862"
21-Jan-20,"168,216","215,235","383,451",44%,56%,"-47,019"
14-Jan-20,"163,881","212,063","375,944",44%,56%,"-48,182"
7-Jan-20,"164,813","226,477","391,290",42%,58%,"-61,664"
31-Dec-19,"168,852","243,197","412,049",41%,59%,"-74,345"
24-Dec-19,"160,263","233,206","393,469",41%,59%,"-72,943"
17-Dec-19,"165,355","231,049","396,404",42%,58%,"-65,694"
10-Dec-19,"164,732","232,375","397,107",41%,59%,"-67,643"
3-Dec-19,"164,392","233,441","397,833",41%,59%,"-69,049"
26-Nov-19,"169,916","231,332","401,248",42%,58%,"-61,416"
19-Nov-19,"163,898","226,401","390,299",42%,58%,"-62,503"
12-Nov-19,"170,250","227,919","398,169",43%,57%,"-57,669"
5-Nov-19,"164,183","224,929","389,112",42%,58%,"-60,746"
29-Oct-19,"166,540","219,895","386,435",43%,57%,"-53,355"
22-Oct-19,"168,653","219,703","388,356",43%,57%,"-51,050"
15-Oct-19,"153,261","230,127","383,388",40%,60%,"-76,866"
8-Oct-19,"162,777","238,190","400,967",41%,59%,"-75,413"
1-Oct-19,"172,258","238,236","410,494",42%,58%,"-65,978"
24-Sep-19,"160,687","221,409","382,096",42%,58%,"-60,722"
17-Sep-19,"164,272","232,831","397,103",41%,59%,"-68,559"
10-Sep-19,"180,535","230,377","410,912",44%,56%,"-49,842"
3-Sep-19,"186,144","235,280","421,424",44%,56%,"-49,136"
27-Aug-19,"173,451","212,255","385,706",45%,55%,"-38,804"
20-Aug-19,"168,455","206,432","374,887",45%,55%,"-37,977"
13-Aug-19,"167,214","213,863","381,077",44%,56%,"-46,649"
6-Aug-19,"177,988","221,998","399,986",44%,56%,"-44,010"
30-Jul-19,"175,132","229,115","404,247",43%,57%,"-53,983"
23-Jul-19,"173,483","212,487","385,970",45%,55%,"-39,004"
16-Jul-19,"170,487","201,838","372,325",46%,54%,"-31,351"
9-Jul-19,"158,398","194,263","352,661",45%,55%,"-35,865"
2-Jul-19,"157,122","188,855","345,977",45%,55%,"-31,733"
25-Jun-19,"159,285","215,580","374,865",42%,58%,"-56,295"
18-Jun-19,"162,795","215,125","377,920",43%,57%,"-52,330"
11-Jun-19,"149,661","236,453","386,114",39%,61%,"-86,792"
4-Jun-19,"155,771","243,322","399,093",39%,61%,"-87,551"
28-May-19,"151,129","250,820","401,949",38%,62%,"-99,691"
21-May-19,"149,873","250,975","400,848",37%,63%,"-101,102"
14-May-19,"150,681","245,982","396,663",38%,62%,"-95,301"
7-May-19,"152,633","258,738","411,371",37%,63%,"-106,105"
30-Apr-19,"153,821","259,365","413,186",37%,63%,"-105,544"
23-Apr-19,"148,331","253,749","402,080",37%,63%,"-105,418"
16-Apr-19,"144,867","242,890","387,757",37%,63%,"-98,023"
9-Apr-19,"140,401","242,599","383,000",37%,63%,"-102,198"
2-Apr-19,"144,973","244,157","389,130",37%,63%,"-99,184"
26-Mar-19,"139,696","219,974","359,670",39%,61%,"-80,278"
19-Mar-19,"141,700","219,404","361,104",39%,61%,"-77,704"
12-Mar-19,"151,857","227,602","379,459",40%,60%,"-75,745"
5-Mar-19,"155,922","234,088","390,010",40%,60%,"-78,166"
26-Feb-19,"143,847","216,302","360,149",40%,60%,"-72,455"
19-Feb-19,"145,762","220,696","366,458",40%,60%,"-74,934"
12-Feb-19,"157,170","221,070","378,240",42%,58%,"-63,900"
5-Feb-19,"145,480","197,444","342,924",42%,58%,"-51,964"
29-Jan-19,"146,625","193,099","339,724",43%,57%,"-46,474"
22-Jan-19,"148,652","189,658","338,310",44%,56%,"-41,006"
15-Jan-19,"152,534","185,195","337,729",45%,55%,"-32,661"
8-Jan-19,"146,271","186,804","333,075",44%,56%,"-40,533"
31-Dec-18,"148,288","194,936","343,224",43%,57%,"-46,648"
24-Dec-18,"139,059","197,514","336,573",41%,59%,"-58,455"
18-Dec-18,"147,654","200,778","348,432",42%,58%,"-53,124"
11-Dec-18,"146,082","202,369","348,451",42%,58%,"-56,287"
4-Dec-18,"144,859","205,635","350,494",41%,59%,"-60,776"
27-Nov-18,"149,719","204,790","354,509",42%,58%,"-55,071"
20-Nov-18,"157,633","204,862","362,495",43%,57%,"-47,229"
13-Nov-18,"161,860","198,879","360,739",45%,55%,"-37,019"
6-Nov-18,"148,973","195,816","344,789",43%,57%,"-46,843"
30-Oct-18,"157,691","190,353","348,044",45%,55%,"-32,662"
23-Oct-18,"149,585","179,889","329,474",45%,55%,"-30,304"
16-Oct-18,"140,817","170,161","310,978",45%,55%,"-29,344"
9-Oct-18,"162,315","178,457","340,772",48%,52%,"-16,142"
2-Oct-18,"164,738","171,839","336,577",49%,51%,"-7,101"
25-Sep-18,"172,426","168,730","341,156",51%,49%,"3,696"
18-Sep-18,"166,468","164,802","331,270",50%,50%,"1,666"
11-Sep-18,"164,639","153,469","318,108",52%,48%,"11,170"
4-Sep-18,"173,335","165,372","338,707",51%,49%,"7,963"
28-Aug-18,"171,359","178,578","349,937",49%,51%,"-7,219"
21-Aug-18,"188,907","193,748","382,655",49%,51%,"-4,841"
14-Aug-18,"188,428","190,217","378,645",50%,50%,"-1,789"
7-Aug-18,"177,923","167,358","345,281",52%,48%,"10,565"
31-Jul-18,"174,549","151,724","326,273",53%,47%,"22,825"
24-Jul-18,"179,515","149,875","329,390",54%,46%,"29,640"
17-Jul-18,"177,390","155,983","333,373",53%,47%,"21,407"
10-Jul-18,"179,401","155,044","334,445",54%,46%,"24,357"
3-Jul-18,"189,005","152,258","341,263",55%,45%,"36,747"
26-Jun-18,"190,147","156,243","346,390",55%,45%,"33,904"
19-Jun-18,"190,684","154,566","345,250",55%,45%,"36,118"
12-Jun-18,"236,617","148,392","385,009",61%,39%,"88,225"
5-Jun-18,"239,904","150,668","390,572",61%,39%,"89,236"
29-May-18,"230,927","137,890","368,817",63%,37%,"93,037"
22-May-18,"225,960","116,216","342,176",66%,34%,"109,744"
15-May-18,"219,317","104,203","323,520",68%,32%,"115,114"
8-May-18,"226,601","106,096","332,697",68%,32%,"120,505"
1-May-18,"221,011","100,443","321,454",69%,31%,"120,568"
24-Apr-18,"216,944","86,350","303,294",72%,28%,"130,594"
17-Apr-18,"238,829","87,353","326,182",73%,27%,"151,476"
10-Apr-18,"236,344","88,881","325,225",73%,27%,"147,463"
3-Apr-18,"221,327","86,946","308,273",72%,28%,"134,381"
27-Mar-18,"234,656","93,592","328,248",71%,29%,"141,064"
20-Mar-18,"219,434","86,695","306,129",72%,28%,"132,739"
13-Mar-18,"239,453","93,073","332,526",72%,28%,"146,380"
6-Mar-18,"227,354","94,382","321,736",71%,29%,"132,972"
27-Feb-18,"238,287","100,310","338,597",70%,30%,"137,977"
20-Feb-18,"229,273","103,147","332,420",69%,31%,"126,126"
13-Feb-18,"230,785","103,496","334,281",69%,31%,"127,289"
6-Feb-18,"251,369","110,546","361,915",69%,31%,"140,823"
30-Jan-18,"258,022","109,280","367,302",70%,30%,"148,742"
23-Jan-18,"262,175","117,458","379,633",69%,31%,"144,717"
16-Jan-18,"254,344","114,854","369,198",69%,31%,"139,490"
9-Jan-18,"242,053","97,362","339,415",71%,29%,"144,691"
2-Jan-18,"236,808","108,940","345,748",68%,32%,"127,868"
26-Dec-17,"208,913","116,765","325,678",64%,36%,"92,148"
19-Dec-17,"198,398","112,174","310,572",64%,36%,"86,224"
12-Dec-17,"206,027","92,138","298,165",69%,31%,"113,889"
5-Dec-17,"205,400","112,294","317,694",65%,35%,"93,106"
28-Nov-17,"205,160","115,479","320,639",64%,36%,"89,681"
21-Nov-17,"195,909","100,472","296,381",66%,34%,"95,437"
14-Nov-17,"200,023","115,437","315,460",63%,37%,"84,586"
7-Nov-17,"181,335","95,880","277,215",65%,35%,"85,455"
31-Oct-17,"173,670","101,573","275,243",63%,37%,"72,097"
24-Oct-17,"183,539","100,035","283,574",65%,35%,"83,504"
17-Oct-17,"186,751","96,299","283,050",66%,34%,"90,452"
10-Oct-17,"195,816","97,737","293,553",67%,33%,"98,079"
3-Oct-17,"187,053","96,220","283,273",66%,34%,"90,833"
26-Sep-17,"183,679","95,512","279,191",66%,34%,"88,167"
19-Sep-17,"190,025","127,272","317,297",60%,40%,"62,753"
12-Sep-17,"191,102","105,044","296,146",65%,35%,"86,058"
5-Sep-17,"194,976","98,667","293,643",66%,34%,"96,309"
29-Aug-17,"194,331","107,812","302,143",64%,36%,"86,519"
22-Aug-17,"197,818","109,842","307,660",64%,36%,"87,976"
15-Aug-17,"190,336","111,069","301,405",63%,37%,"79,267"
8-Aug-17,"201,231","107,546","308,777",65%,35%,"93,685"
1-Aug-17,"191,477","108,840","300,317",64%,36%,"82,637"
25-Jul-17,"197,656","106,814","304,470",65%,35%,"90,842"
18-Jul-17,"199,540","108,219","307,759",65%,35%,"91,321"
11-Jul-17,"190,267","106,479","296,746",64%,36%,"83,788"
3-Jul-17,"185,925","108,461","294,386",63%,37%,"77,464"
27-Jun-17,"179,671","120,976","300,647",60%,40%,"58,695"
20-Jun-17,"167,245","122,393","289,638",58%,42%,"44,852"
13-Jun-17,"164,227","85,174","249,401",66%,34%,"79,053"
6-Jun-17,"164,889","90,880","255,769",64%,36%,"74,009"
30-May-17,"176,226","103,357","279,583",63%,37%,"72,869"
23-May-17,"175,032","110,187","285,219",61%,39%,"64,845"
16-May-17,"164,234","126,630","290,864",56%,44%,"37,604"
9-May-17,"155,581","133,182","288,763",54%,46%,"22,399"
2-May-17,"159,418","161,071","320,489",50%,50%,"-1,653"
25-Apr-17,"157,831","178,726","336,557",47%,53%,"-20,895"
18-Apr-17,"185,786","207,435","393,221",47%,53%,"-21,649"
11-Apr-17,"173,594","192,550","366,144",47%,53%,"-18,956"
4-Apr-17,"155,468","166,873","322,341",48%,52%,"-11,405"
28-Mar-17,"163,648","171,571","335,219",49%,51%,"-7,923"
21-Mar-17,"159,590","179,252","338,842",47%,53%,"-19,662"
14-Mar-17,"148,272","189,299","337,571",44%,56%,"-41,027"
7-Mar-17,"137,662","197,163","334,825",41%,59%,"-59,501"
28-Feb-17,"143,584","194,748","338,332",42%,58%,"-51,164"
21-Feb-17,"130,981","189,232","320,213",41%,59%,"-58,251"
14-Feb-17,"125,333","172,097","297,430",42%,58%,"-46,764"
7-Feb-17,"126,708","171,659","298,367",42%,58%,"-44,951"
31-Jan-17,"125,689","171,402","297,091",42%,58%,"-45,713"
24-Jan-17,"131,904","184,252","316,156",42%,58%,"-52,348"
17-Jan-17,"128,846","195,346","324,192",40%,60%,"-66,500"
10-Jan-17,"134,747","200,570","335,317",40%,60%,"-65,823"
3-Jan-17,"129,701","199,757","329,458",39%,61%,"-70,056"
27-Dec-16,"123,281","192,689","315,970",39%,61%,"-69,408"
20-Dec-16,"117,460","195,505","312,965",38%,62%,"-78,045"
13-Dec-16,"123,597","211,110","334,707",37%,63%,"-87,513"
6-Dec-16,"123,390","237,946","361,336",34%,66%,"-114,556"
29-Nov-16,"136,108","255,348","391,456",35%,65%,"-119,240"
22-Nov-16,"127,122","246,470","373,592",34%,66%,"-119,348"
15-Nov-16,"121,575","240,757","362,332",34%,66%,"-119,182"
8-Nov-16,"118,897","248,211","367,108",32%,68%,"-129,314"
1-Nov-16,"126,443","263,828","390,271",32%,68%,"-137,385"
25-Oct-16,"142,881","266,737","409,618",35%,65%,"-123,856"
18-Oct-16,"128,181","237,449","365,630",35%,65%,"-109,268"
11-Oct-16,"114,284","207,756","322,040",35%,65%,"-93,472"
4-Oct-16,"105,634","187,693","293,327",36%,64%,"-82,059"
27-Sep-16,"100,492","176,522","277,014",36%,64%,"-76,030"
20-Sep-16,"95,698","180,723","276,421",35%,65%,"-85,025"
13-Sep-16,"91,783","173,258","265,041",35%,65%,"-81,475"
6-Sep-16,"97,324","189,954","287,278",34%,66%,"-92,630"
30-Aug-16,"108,261","190,186","298,447",36%,64%,"-81,925"
23-Aug-16,"105,374","182,032","287,406",37%,63%,"-76,658"
16-Aug-16,"103,060","195,568","298,628",35%,65%,"-92,508"
9-Aug-16,"100,442","198,841","299,283",34%,66%,"-98,399"
2-Aug-16,"104,516","208,619","313,135",33%,67%,"-104,103"
26-Jul-16,"109,193","221,793","330,986",33%,67%,"-112,600"
19-Jul-16,"111,578","211,469","323,047",35%,65%,"-99,891"
12-Jul-16,"107,635","195,295","302,930",36%,64%,"-87,660"
5-Jul-16,"112,011","187,338","299,349",37%,63%,"-75,327"
28-Jun-16,"109,580","171,514","281,094",39%,61%,"-61,934"
21-Jun-16,"88,639","149,985","238,624",37%,63%,"-61,346"
14-Jun-16,"104,510","160,999","265,509",39%,61%,"-56,489"
7-Jun-16,"93,492","160,604","254,096",37%,63%,"-67,112"
31-May-16,"98,218","135,872","234,090",42%,58%,"-37,654"
24-May-16,"93,955","131,850","225,805",42%,58%,"-37,895"
17-May-16,"101,723","124,310","226,033",45%,55%,"-22,587"
10-May-16,"101,277","123,149","224,426",45%,55%,"-21,872"
3-May-16,"113,034","136,653","249,687",45%,55%,"-23,619"
26-Apr-16,"99,072","138,739","237,811",42%,58%,"-39,667"
19-Apr-16,"101,211","148,128","249,339",41%,59%,"-46,917"
12-Apr-16,"89,216","141,267","230,483",39%,61%,"-52,051"
5-Apr-16,"98,014","151,501","249,515",39%,61%,"-53,487"
29-Mar-16,"93,726","157,537","251,263",37%,63%,"-63,811"
22-Mar-16,"91,334","157,387","248,721",37%,63%,"-66,053"
15-Mar-16,"90,353","167,908","258,261",35%,65%,"-77,555"
8-Mar-16,"104,165","176,072","280,237",37%,63%,"-71,907"
1-Mar-16,"103,965","172,506","276,471",38%,62%,"-68,541"
23-Feb-16,"107,566","154,423","261,989",41%,59%,"-46,857"
16-Feb-16,"113,970","162,175","276,145",41%,59%,"-48,205"
9-Feb-16,"114,607","177,921","292,528",39%,61%,"-63,314"
2-Feb-16,"96,012","183,085","279,097",34%,66%,"-87,073"
26-Jan-16,"71,446","198,661","270,107",26%,74%,"-127,215"
19-Jan-16,"69,449","206,464","275,913",25%,75%,"-137,015"
12-Jan-16,"63,162","209,613","272,775",23%,77%,"-146,451"
5-Jan-16,"66,857","227,500","294,357",23%,77%,"-160,643"
29-Dec-15,"66,973","227,523","294,496",23%,77%,"-160,550"
22-Dec-15,"70,509","231,556","302,065",23%,77%,"-161,047"
15-Dec-15,"71,295","231,256","302,551",24%,76%,"-159,961"
8-Dec-15,"80,378","252,709","333,087",24%,76%,"-172,331"
1-Dec-15,"78,782","261,627","340,409",23%,77%,"-182,845"
24-Nov-15,"76,296","251,780","328,076",23%,77%,"-175,484"
17-Nov-15,"78,898","243,075","321,973",25%,75%,"-164,177"
10-Nov-15,"78,994","221,933","300,927",26%,74%,"-142,939"
3-Nov-15,"72,883","207,217","280,100",26%,74%,"-134,334"
27-Oct-15,"70,351","176,285","246,636",29%,71%,"-105,934"
20-Oct-15,"76,291","138,857","215,148",35%,65%,"-62,566"
13-Oct-15,"71,132","151,708","222,840",32%,68%,"-80,576"
6-Oct-15,"65,410","154,220","219,630",30%,70%,"-88,810"
29-Sep-15,"61,932","149,592","211,524",29%,71%,"-87,660"
22-Sep-15,"63,526","144,559","208,085",31%,69%,"-81,033"
15-Sep-15,"63,416","147,618","211,034",30%,70%,"-84,202"
8-Sep-15,"75,715","156,956","232,671",33%,67%,"-81,241"
1-Sep-15,"74,910","142,767","217,677",34%,66%,"-67,857"
25-Aug-15,"87,807","153,885","241,692",36%,64%,"-66,078"
18-Aug-15,"68,473","161,205","229,678",30%,70%,"-92,732"
11-Aug-15,"67,373","182,583","249,956",27%,73%,"-115,210"
4-Aug-15,"70,620","184,014","254,634",28%,72%,"-113,394"
28-Jul-15,"67,842","171,850","239,692",28%,72%,"-104,008"
21-Jul-15,"65,728","178,704","244,432",27%,73%,"-112,976"
14-Jul-15,"62,676","170,457","233,133",27%,73%,"-107,781"
7-Jul-15,"66,161","165,427","231,588",29%,71%,"-99,266"
30-Jun-15,"65,554","165,589","231,143",28%,72%,"-100,035"
23-Jun-15,"67,867","167,173","235,040",29%,71%,"-99,306"
16-Jun-15,"82,714","172,071","254,785",32%,68%,"-89,357"
9-Jun-15,"52,643","190,617","243,260",22%,78%,"-137,974"
2-Jun-15,"49,471","214,983","264,454",19%,81%,"-165,512"
26-May-15,"44,221","215,961","260,182",17%,83%,"-171,740"
19-May-15,"38,758","207,097","245,855",16%,84%,"-168,339"
12-May-15,"43,333","222,309","265,642",16%,84%,"-178,976"
5-May-15,"50,116","240,243","290,359",17%,83%,"-190,127"
28-Apr-15,"50,734","248,500","299,234",17%,83%,"-197,766"
21-Apr-15,"46,821","261,466","308,287",15%,85%,"-214,645"
14-Apr-15,"45,264","257,611","302,875",15%,85%,"-212,347"
7-Apr-15,"39,444","254,702","294,146",13%,87%,"-215,258"
31-Mar-15,"41,709","268,269","309,978",13%,87%,"-226,560"
24-Mar-15,"50,148","271,111","321,259",16%,84%,"-220,963"
17-Mar-15,"56,329","250,103","306,432",18%,82%,"-193,774"
10-Mar-15,"61,271","242,344","303,615",20%,80%,"-181,073"
3-Mar-15,"48,467","220,856","269,323",18%,82%,"-172,389"
24-Feb-15,"45,511","223,247","268,758",17%,83%,"-177,736"
17-Feb-15,"47,175","232,757","279,932",17%,83%,"-185,582"
10-Feb-15,"47,217","241,858","289,075",16%,84%,"-194,641"
3-Feb-15,"47,719","244,028","291,747",16%,84%,"-196,309"
27-Jan-15,"50,489","235,234","285,723",18%,82%,"-184,745"
20-Jan-15,"52,047","232,777","284,824",18%,82%,"-180,730"
13-Jan-15,"50,858","218,709","269,567",19%,81%,"-167,851"
6-Jan-15,"46,016","207,056","253,072",18%,82%,"-161,040"
30-Dec-14,"43,202","195,421","238,623",18%,82%,"-152,219"
23-Dec-14,"40,690","187,294","227,984",18%,82%,"-146,604"
16-Dec-14,"56,179","182,834","239,013",24%,76%,"-126,655"
9-Dec-14,"58,306","195,218","253,524",23%,77%,"-136,912"
2-Dec-14,"57,272","216,551","273,823",21%,79%,"-159,279"
25-Nov-14,"57,982","223,062","281,044",21%,79%,"-165,080"
18-Nov-14,"58,048","226,778","284,826",20%,80%,"-168,730"
11-Nov-14,"60,454","224,347","284,801",21%,79%,"-163,893"
4-Nov-14,"59,566","238,587","298,153",20%,80%,"-179,021"
28-Oct-14,"59,054","224,761","283,815",21%,79%,"-165,707"
21-Oct-14,"60,188","219,559","279,747",22%,78%,"-159,371"
14-Oct-14,"60,158","215,500","275,658",22%,78%,"-155,342"
7-Oct-14,"61,467","207,679","269,146",23%,77%,"-146,212"
30-Sep-14,"67,030","204,555","271,585",25%,75%,"-137,525"
23-Sep-14,"60,654","202,619","263,273",23%,77%,"-141,965"
16-Sep-14,"79,552","216,701","296,253",27%,73%,"-137,149"
9-Sep-14,"59,376","216,881","276,257",21%,79%,"-157,505"
2-Sep-14,"59,398","220,821","280,219",21%,79%,"-161,423"
26-Aug-14,"53,989","204,646","258,635",21%,79%,"-150,657"
19-Aug-14,"56,774","195,599","252,373",22%,78%,"-138,825"
12-Aug-14,"51,596","177,613","229,209",23%,77%,"-126,017"
5-Aug-14,"55,179","183,926","239,105",23%,77%,"-128,747"
29-Jul-14,"56,562","164,637","221,199",26%,74%,"-108,075"
22-Jul-14,"58,142","146,965","205,107",28%,72%,"-88,823"
15-Jul-14,"59,506","122,352","181,858",33%,67%,"-62,846"
8-Jul-14,"51,595","110,860","162,455",32%,68%,"-59,265"
1-Jul-14,"52,665","113,441","166,106",32%,68%,"-60,776"
24-Jun-14,"55,062","112,565","167,627",33%,67%,"-57,503"
17-Jun-14,"51,405","113,240","164,645",31%,69%,"-61,835"
10-Jun-14,"43,739","100,924","144,663",30%,70%,"-57,185"
3-Jun-14,"57,109","90,134","147,243",39%,61%,"-33,025"
27-May-14,"70,753","87,386","158,139",45%,55%,"-16,633"
20-May-14,"75,013","84,233","159,246",47%,53%,"-9,220"
13-May-14,"84,383","86,558","170,941",49%,51%,"-2,175"
6-May-14,"110,673","78,122","188,795",59%,41%,"32,551"
29-Apr-14,"102,285","76,551","178,836",57%,43%,"25,734"
22-Apr-14,"101,204","75,430","176,634",57%,43%,"25,774"
15-Apr-14,"106,252","78,564","184,816",57%,43%,"27,688"
8-Apr-14,"92,635","69,335","161,970",57%,43%,"23,300"
1-Apr-14,"101,849","68,611","170,460",60%,40%,"33,238"
25-Mar-14,"106,914","67,280","174,194",61%,39%,"39,634"
18-Mar-14,"117,819","64,828","182,647",65%,35%,"52,991"
11-Mar-14,"110,103","73,718","183,821",60%,40%,"36,385"
4-Mar-14,"103,868","80,416","184,284",56%,44%,"23,452"
25-Feb-14,"93,003","79,103","172,106",54%,46%,"13,900"
18-Feb-14,"88,634","80,035","168,669",53%,47%,"8,599"
11-Feb-14,"75,048","81,977","157,025",48%,52%,"-6,929"
4-Feb-14,"67,614","81,224","148,838",45%,55%,"-13,610"
28-Jan-14,"86,963","72,616","159,579",54%,46%,"14,347"
21-Jan-14,"79,321","83,093","162,414",49%,51%,"-3,772"
14-Jan-14,"87,059","77,813","164,872",53%,47%,"9,246"
7-Jan-14,"88,119","73,621","161,740",54%,46%,"14,498"
31-Dec-13,"101,916","71,327","173,243",59%,41%,"30,589"
24-Dec-13,"102,462","70,290","172,752",59%,41%,"32,172"
17-Dec-13,"97,780","69,857","167,637",58%,42%,"27,923"
10-Dec-13,"91,669","75,739","167,408",55%,45%,"15,930"
3-Dec-13,"82,230","72,918","155,148",53%,47%,"9,312"
26-Nov-13,"74,118","74,549","148,667",50%,50%,-431
19-Nov-13,"81,070","72,159","153,229",53%,47%,"8,911"
12-Nov-13,"86,121","69,295","155,416",55%,45%,"16,826"
5-Nov-13,"103,333","70,190","173,523",60%,40%,"33,143"
29-Oct-13,"136,054","65,437","201,491",68%,32%,"70,617"
22-Oct-13,"137,061","64,627","201,688",68%,32%,"72,434"
15-Oct-13,"121,327","60,953","182,280",67%,33%,"60,374"
8-Oct-13,"127,301","58,618","185,919",68%,32%,"68,683"
1-Oct-13,"128,580","60,304","188,884",68%,32%,"68,276"
24-Sep-13,"129,862","64,018","193,880",67%,33%,"65,844"
17-Sep-13,"100,963","69,056","170,019",59%,41%,"31,907"
10-Sep-13,"82,772","70,076","152,848",54%,46%,"12,696"
3-Sep-13,"98,589","75,851","174,440",57%,43%,"22,738"
27-Aug-13,"113,592","73,511","187,103",61%,39%,"40,081"
20-Aug-13,"113,092","76,346","189,438",60%,40%,"36,746"
13-Aug-13,"89,984","73,927","163,911",55%,45%,"16,057"
6-Aug-13,"85,239","79,178","164,417",52%,48%,"6,061"
30-Jul-13,"78,211","86,715","164,926",47%,53%,"-8,504"
23-Jul-13,"63,130","91,030","154,160",41%,59%,"-27,900"
16-Jul-13,"53,228","90,393","143,621",37%,63%,"-37,165"
9-Jul-13,"52,159","93,059","145,218",36%,64%,"-40,900"
2-Jul-13,"59,270","75,360","134,630",44%,56%,"-16,090"
25-Jun-13,"87,192","69,835","157,027",56%,44%,"17,357"
18-Jun-13,"91,304","71,274","162,578",56%,44%,"20,030"
11-Jun-13,"68,956","76,489","145,445",47%,53%,"-7,533"
4-Jun-13,"43,804","95,425","139,229",31%,69%,"-51,621"
28-May-13,"36,916","121,560","158,476",23%,77%,"-84,644"
21-May-13,"43,037","123,986","167,023",26%,74%,"-80,949"
14-May-13,"52,843","99,764","152,607",35%,65%,"-46,921"
7-May-13,"52,517","86,050","138,567",38%,62%,"-33,533"
30-Apr-13,"56,771","86,920","143,691",40%,60%,"-30,149"
23-Apr-13,"47,807","82,082","129,889",37%,63%,"-34,275"
16-Apr-13,"49,321","79,085","128,406",38%,62%,"-29,764"
9-Apr-13,"35,343","86,201","121,544",29%,71%,"-50,858"
2-Apr-13,"44,459","110,160","154,619",29%,71%,"-65,701"
26-Mar-13,"41,260","90,355","131,615",31%,69%,"-49,095"
19-Mar-13,"48,958","93,842","142,800",34%,66%,"-44,884"
12-Mar-13,"57,473","82,260","139,733",41%,59%,"-24,787"
5-Mar-13,"63,355","89,471","152,826",41%,59%,"-26,116"
26-Feb-13,"74,832","84,226","159,058",47%,53%,"-9,394"
19-Feb-13,"81,014","61,911","142,925",57%,43%,"19,103"
12-Feb-13,"87,135","62,954","150,089",58%,42%,"24,181"
5-Feb-13,"97,397","59,445","156,842",62%,38%,"37,952"
29-Jan-13,"93,791","66,319","160,110",59%,41%,"27,472"
22-Jan-13,"83,840","62,459","146,299",57%,43%,"21,381"
15-Jan-13,"80,174","72,859","153,033",52%,48%,"7,315"
8-Jan-13,"66,329","74,364","140,693",47%,53%,"-8,035"
31-Dec-12,"81,932","76,806","158,738",52%,48%,"5,126"
24-Dec-12,"75,072","77,621","152,693",49%,51%,"-2,549"
18-Dec-12,"69,460","79,196","148,656",47%,53%,"-9,736"
11-Dec-12,"51,536","83,159","134,695",38%,62%,"-31,623"
4-Dec-12,"48,300","81,095","129,395",37%,63%,"-32,795"
27-Nov-12,"35,799","102,492","138,291",26%,74%,"-66,693"
20-Nov-12,"36,692","128,092","164,784",22%,78%,"-91,400"
13-Nov-12,"39,863","123,509","163,372",24%,76%,"-83,646"
6-Nov-12,"45,212","112,353","157,565",29%,71%,"-67,141"
30-Oct-12,"38,189","96,393","134,582",28%,72%,"-58,204"
23-Oct-12,"38,171","93,390","131,561",29%,71%,"-55,219"
16-Oct-12,"42,041","95,536","137,577",31%,69%,"-53,495"
9-Oct-12,"39,946","112,516","152,462",26%,74%,"-72,570"
2-Oct-12,"48,335","98,600","146,935",33%,67%,"-50,265"
25-Sep-12,"53,345","103,583","156,928",34%,66%,"-50,238"
18-Sep-12,"48,817","122,299","171,116",29%,71%,"-73,482"
11-Sep-12,"43,180","136,838","180,018",24%,76%,"-93,658"
4-Sep-12,"46,580","148,886","195,466",24%,76%,"-102,306"
28-Aug-12,"45,927","147,488","193,415",24%,76%,"-101,561"
21-Aug-12,"45,986","169,918","215,904",21%,79%,"-123,932"
14-Aug-12,"43,152","180,962","224,114",19%,81%,"-137,810"
7-Aug-12,"46,742","178,453","225,195",21%,79%,"-131,711"
31-Jul-12,"41,327","180,321","221,648",19%,81%,"-138,994"
24-Jul-12,"39,501","194,567","234,068",17%,83%,"-155,066"
17-Jul-12,"31,821","199,070","230,891",14%,86%,"-167,249"
10-Jul-12,"36,409","202,114","238,523",15%,85%,"-165,705"
3-Jul-12,"32,236","178,413","210,649",15%,85%,"-146,177"
26-Jun-12,"36,933","196,813","233,746",16%,84%,"-159,880"
19-Jun-12,"54,449","195,515","249,964",22%,78%,"-141,066"
12-Jun-12,"39,245","234,432","273,677",14%,86%,"-195,187"
5-Jun-12,"36,651","251,069","287,720",13%,87%,"-214,418"
29-May-12,"40,287","243,702","283,989",14%,86%,"-203,415"
22-May-12,"34,714","230,075","264,789",13%,87%,"-195,361"
15-May-12,"38,475","212,344","250,819",15%,85%,"-173,869"
8-May-12,"36,022","180,006","216,028",17%,83%,"-143,984"
1-May-12,"34,957","141,947","176,904",20%,80%,"-106,990"
24-Apr-12,"36,289","149,656","185,945",20%,80%,"-113,367"
17-Apr-12,"40,310","158,435","198,745",20%,80%,"-118,125"
10-Apr-12,"39,253","140,617","179,870",22%,78%,"-101,364"
3-Apr-12,"39,835","119,315","159,150",25%,75%,"-79,480"
27-Mar-12,"34,033","123,162","157,195",22%,78%,"-89,129"
20-Mar-12,"50,416","133,370","183,786",27%,73%,"-82,954"
13-Mar-12,"40,325","139,661","179,986",22%,78%,"-99,336"
6-Mar-12,"39,943","156,416","196,359",20%,80%,"-116,473"
28-Feb-12,"35,728","145,402","181,130",20%,80%,"-109,674"
21-Feb-12,"29,369","171,528","200,897",15%,85%,"-142,159"
14-Feb-12,"26,774","175,415","202,189",13%,87%,"-148,641"
7-Feb-12,"32,128","172,721","204,849",16%,84%,"-140,593"
31-Jan-12,"31,906","189,452","221,358",14%,86%,"-157,546"
24-Jan-12,"31,299","202,646","233,945",13%,87%,"-171,347"
17-Jan-12,"28,396","188,426","216,822",13%,87%,"-160,030"
10-Jan-12,"29,770","184,965","214,735",14%,86%,"-155,195"
3-Jan-12,"40,441","179,350","219,791",18%,82%,"-138,909"
27-Dec-11,"45,183","173,062","218,245",21%,79%,"-127,879"
20-Dec-11,"49,557","163,254","212,811",23%,77%,"-113,697"
13-Dec-11,"35,507","151,964","187,471",19%,81%,"-116,457"
6-Dec-11,"34,521","130,335","164,856",21%,79%,"-95,814"
29-Nov-11,"27,620","131,922","159,542",17%,83%,"-104,302"
22-Nov-11,"25,943","111,011","136,954",19%,81%,"-85,068"
15-Nov-11,"24,048","100,195","124,243",19%,81%,"-76,147"
8-Nov-11,"27,943","82,200","110,143",25%,75%,"-54,257"
1-Nov-11,"26,311","86,371","112,682",23%,77%,"-60,060"
25-Oct-11,"21,323","97,835","119,158",18%,82%,"-76,512"
18-Oct-11,"20,977","98,697","119,674",18%,82%,"-77,720"
11-Oct-11,"17,040","90,835","107,875",16%,84%,"-73,795"
4-Oct-11,"18,104","100,801","118,905",15%,85%,"-82,697"
27-Sep-11,"19,705","102,178","121,883",16%,84%,"-82,473"
20-Sep-11,"19,920","99,380","119,300",17%,83%,"-79,460"
13-Sep-11,"25,704","80,163","105,867",24%,76%,"-54,459"
6-Sep-11,"33,167","69,610","102,777",32%,68%,"-36,443"
30-Aug-11,"43,894","44,278","88,172",50%,50%,-384
23-Aug-11,"47,711","45,172","92,883",51%,49%,"2,539"
16-Aug-11,"47,094","40,368","87,462",54%,46%,"6,726"
9-Aug-11,"49,029","57,302","106,331",46%,54%,"-8,273"
2-Aug-11,"58,313","56,550","114,863",51%,49%,"1,763"
26-Jul-11,"60,177","43,139","103,316",58%,42%,"17,038"
19-Jul-11,"58,580","49,334","107,914",54%,46%,"9,246"
12-Jul-11,"61,392","48,976","110,368",56%,44%,"12,416"
5-Jul-11,"81,860","38,666","120,526",68%,32%,"43,194"
28-Jun-11,"68,800","35,813","104,613",66%,34%,"32,987"
21-Jun-11,"72,153","42,382","114,535",63%,37%,"29,771"
14-Jun-11,"84,580","34,686","119,266",71%,29%,"49,894"
7-Jun-11,"96,555","44,719","141,274",68%,32%,"51,836"
31-May-11,"80,494","58,524","139,018",58%,42%,"21,970"
24-May-11,"75,182","56,053","131,235",57%,43%,"19,129"
17-May-11,"89,941","48,296","138,237",65%,35%,"41,645"
10-May-11,"98,054","36,607","134,661",73%,27%,"61,447"
3-May-11,"128,460","28,944","157,404",82%,18%,"99,516"
26-Apr-11,"105,683","37,404","143,087",74%,26%,"68,279"
19-Apr-11,"102,686","40,491","143,177",72%,28%,"62,195"
12-Apr-11,"105,425","40,440","145,865",72%,28%,"64,985"
5-Apr-11,"99,405","39,548","138,953",72%,28%,"59,857"
29-Mar-11,"93,031","36,401","129,432",72%,28%,"56,630"
22-Mar-11,"81,574","33,221","114,795",71%,29%,"48,353"
15-Mar-11,"86,506","40,190","126,696",68%,32%,"46,316"
8-Mar-11,"98,171","35,877","134,048",73%,27%,"62,294"
1-Mar-11,"83,104","31,796","114,900",72%,28%,"51,308"
22-Feb-11,"77,454","31,856","109,310",71%,29%,"45,598"
15-Feb-11,"63,395","30,931","94,326",67%,33%,"32,464"
8-Feb-11,"73,502","38,768","112,270",65%,35%,"34,734"
1-Feb-11,"80,381","40,447","120,828",67%,33%,"39,934"
25-Jan-11,"73,488","50,587","124,075",59%,41%,"22,901"
18-Jan-11,"67,309","63,200","130,509",52%,48%,"4,109"
11-Jan-11,"42,359","87,541","129,900",33%,67%,"-45,182"
4-Jan-11,"37,102","61,303","98,405",38%,62%,"-24,201"
28-Dec-10,"33,833","60,312","94,145",36%,64%,"-26,479"
21-Dec-10,"38,604","52,697","91,301",42%,58%,"-14,093"
14-Dec-10,"35,689","45,993","81,682",44%,56%,"-10,304"
7-Dec-10,"32,322","47,612","79,934",40%,60%,"-15,290"
30-Nov-10,"47,264","54,512","101,776",46%,54%,"-7,248"
23-Nov-10,"43,670","51,963","95,633",46%,54%,"-8,293"
16-Nov-10,"54,708","46,102","100,810",54%,46%,"8,606"
9-Nov-10,"61,477","38,194","99,671",62%,38%,"23,283"
2-Nov-10,"70,185","31,575","101,760",69%,31%,"38,610"
26-Oct-10,"70,109","29,604","99,713",70%,30%,"40,505"
19-Oct-10,"74,855","28,107","102,962",73%,27%,"46,748"
12-Oct-10,"68,718","27,207","95,925",72%,28%,"41,511"
5-Oct-10,"72,979","24,736","97,715",75%,25%,"48,243"
28-Sep-10,"70,638","35,308","105,946",67%,33%,"35,330"
21-Sep-10,"52,300","47,203","99,503",53%,47%,"5,097"
14-Sep-10,"54,543","64,187","118,730",46%,54%,"-9,644"
7-Sep-10,"53,156","76,855","130,011",41%,59%,"-23,699"
31-Aug-10,"51,099","76,668","127,767",40%,60%,"-25,569"
24-Aug-10,"54,591","76,194","130,785",42%,58%,"-21,603"
17-Aug-10,"61,324","75,951","137,275",45%,55%,"-14,627"
10-Aug-10,"55,797","59,528","115,325",48%,52%,"-3,731"
3-Aug-10,"60,410","67,707","128,117",47%,53%,"-7,297"
27-Jul-10,"56,622","77,961","134,583",42%,58%,"-21,339"
20-Jul-10,"55,008","79,259","134,267",41%,59%,"-24,251"
13-Jul-10,"56,187","83,237","139,424",40%,60%,"-27,050"
6-Jul-10,"56,316","95,225","151,541",37%,63%,"-38,909"
29-Jun-10,"43,357","117,027","160,384",27%,73%,"-73,670"
22-Jun-10,"41,013","111,987","153,000",27%,73%,"-70,974"
15-Jun-10,"49,526","111,886","161,412",31%,69%,"-62,360"
8-Jun-10,"45,938","157,883","203,821",23%,77%,"-111,945"
1-Jun-10,"45,006","138,331","183,337",25%,75%,"-93,325"
25-May-10,"45,630","152,366","197,996",23%,77%,"-106,736"
18-May-10,"54,411","161,554","215,965",25%,75%,"-107,143"
11-May-10,"39,584","153,474","193,058",21%,79%,"-113,890"
4-May-10,"36,675","140,077","176,752",21%,79%,"-103,402"
27-Apr-10,"34,462","123,475","157,937",22%,78%,"-89,013"
20-Apr-10,"33,614","105,038","138,652",24%,76%,"-71,424"
13-Apr-10,"37,157","92,621","129,778",29%,71%,"-55,464"
6-Apr-10,"39,036","106,259","145,295",27%,73%,"-67,223"
30-Mar-10,"35,205","120,531","155,736",23%,77%,"-85,326"
23-Mar-10,"39,953","114,870","154,823",26%,74%,"-74,917"
16-Mar-10,"41,800","88,141","129,941",32%,68%,"-46,341"
9-Mar-10,"32,589","107,140","139,729",23%,77%,"-74,551"
2-Mar-10,"35,894","102,664","138,558",26%,74%,"-66,770"
23-Feb-10,"32,728","104,351","137,079",24%,76%,"-71,623"
16-Feb-10,"34,459","93,881","128,340",27%,73%,"-59,422"
9-Feb-10,"34,867","92,019","126,886",27%,73%,"-57,152"
2-Feb-10,"31,207","74,948","106,155",29%,71%,"-43,741"
26-Jan-10,"33,106","72,645","105,751",31%,69%,"-39,539"
19-Jan-10,"34,186","59,468","93,654",37%,63%,"-25,282"
12-Jan-10,"36,186","54,103","90,289",40%,60%,"-17,917"
5-Jan-10,"37,229","73,017","110,246",34%,66%,"-35,788"
29-Dec-09,"34,132","67,929","102,061",33%,67%,"-33,797"
22-Dec-09,"40,925","55,252","96,177",43%,57%,"-14,327"
15-Dec-09,"42,987","59,435","102,422",42%,58%,"-16,448"
8-Dec-09,"52,035","52,546","104,581",50%,50%,-511
1-Dec-09,"71,123","48,972","120,095",59%,41%,"22,151"
24-Nov-09,"70,841","52,374","123,215",57%,43%,"18,467"
17-Nov-09,"64,268","52,312","116,580",55%,45%,"11,956"
9-Nov-09,"67,904","42,731","110,635",61%,39%,"25,173"
3-Nov-09,"64,023","41,832","105,855",60%,40%,"22,191"
27-Oct-09,"67,843","34,974","102,817",66%,34%,"32,869"
20-Oct-09,"77,829","41,796","119,625",65%,35%,"36,033"
13-Oct-09,"79,762","36,395","116,157",69%,31%,"43,367"
6-Oct-09,"86,229","35,184","121,413",71%,29%,"51,045"
29-Sep-09,"77,852","38,086","115,938",67%,33%,"39,766"
22-Sep-09,"76,545","38,545","115,090",67%,33%,"38,000"
15-Sep-09,"74,562","36,790","111,352",67%,33%,"37,772"
8-Sep-09,"56,543","38,510","95,053",59%,41%,"18,033"
1-Sep-09,"42,624","33,607","76,231",56%,44%,"9,017"
25-Aug-09,"48,251","30,080","78,331",62%,38%,"18,171"
18-Aug-09,"38,823","33,091","71,914",54%,46%,"5,732"
11-Aug-09,"46,396","29,585","75,981",61%,39%,"16,811"
4-Aug-09,"61,443","34,337","95,780",64%,36%,"27,106"
28-Jul-09,"55,671","35,384","91,055",61%,39%,"20,287"
21-Jul-09,"66,273","31,501","97,774",68%,32%,"34,772"
14-Jul-09,"44,406","30,507","74,913",59%,41%,"13,899"
7-Jul-09,"49,042","38,730","87,772",56%,44%,"10,312"
30-Jun-09,"47,701","30,482","78,183",61%,39%,"17,219"
23-Jun-09,"48,252","30,829","79,081",61%,39%,"17,423"
16-Jun-09,"39,854","27,369","67,223",59%,41%,"12,485"
9-Jun-09,"49,185","34,161","83,346",59%,41%,"15,024"
2-Jun-09,"48,585","41,792","90,377",54%,46%,"6,793"
26-May-09,"47,203","31,619","78,822",60%,40%,"15,584"
19-May-09,"41,754","29,504","71,258",59%,41%,"12,250"
12-May-09,"41,355","30,940","72,295",57%,43%,"10,415"
5-May-09,"35,025","31,657","66,682",53%,47%,"3,368"
28-Apr-09,"30,292","32,365","62,657",48%,52%,"-2,073"
21-Apr-09,"29,708","28,111","57,819",51%,49%,"1,597"
14-Apr-09,"32,836","27,261","60,097",55%,45%,"5,575"
7-Apr-09,"31,596","27,724","59,320",53%,47%,"3,872"
31-Mar-09,"31,906","29,641","61,547",52%,48%,"2,265"
24-Mar-09,"32,680","38,138","70,818",46%,54%,"-5,458"
17-Mar-09,"33,657","42,696","76,353",44%,56%,"-9,039"
10-Mar-09,"33,930","44,162","78,092",43%,57%,"-10,232"
3-Mar-09,"34,175","53,606","87,781",39%,61%,"-19,431"
24-Feb-09,"33,201","43,282","76,483",43%,57%,"-10,081"
17-Feb-09,"32,809","48,246","81,055",40%,60%,"-15,437"
10-Feb-09,"33,943","43,937","77,880",44%,56%,"-9,994"
3-Feb-09,"35,350","44,402","79,752",44%,56%,"-9,052"
27-Jan-09,"32,077","39,566","71,643",45%,55%,"-7,489"
20-Jan-09,"27,780","35,360","63,140",44%,56%,"-7,580"
13-Jan-09,"26,970","36,318","63,288",43%,57%,"-9,348"
6-Jan-09,"33,733","36,108","69,841",48%,52%,"-2,375"
30-Dec-08,"32,529","35,733","68,262",48%,52%,"-3,204"
22-Dec-08,"30,977","34,622","65,599",47%,53%,"-3,645"
16-Dec-08,"30,798","37,424","68,222",45%,55%,"-6,626"
9-Dec-08,"29,347","46,015","75,362",39%,61%,"-16,668"
2-Dec-08,"29,631","49,828","79,459",37%,63%,"-20,197"
25-Nov-08,"27,389","48,867","76,256",36%,64%,"-21,478"
18-Nov-08,"29,073","46,431","75,504",39%,61%,"-17,358"
11-Nov-08,"25,967","46,588","72,555",36%,64%,"-20,621"
4-Nov-08,"27,825","49,258","77,083",36%,64%,"-21,433"
28-Oct-08,"25,409","54,461","79,870",32%,68%,"-29,052"
21-Oct-08,"23,536","54,156","77,692",30%,70%,"-30,620"
14-Oct-08,"24,274","54,374","78,648",31%,69%,"-30,100"
7-Oct-08,"32,058","50,720","82,778",39%,61%,"-18,662"
30-Sep-08,"27,472","56,404","83,876",33%,67%,"-28,932"
23-Sep-08,"33,266","64,323","97,589",34%,66%,"-31,057"
16-Sep-08,"35,314","75,968","111,282",32%,68%,"-40,654"
9-Sep-08,"35,890","72,322","108,212",33%,67%,"-36,432"
2-Sep-08,"37,997","76,620","114,617",33%,67%,"-38,623"
26-Aug-08,"36,026","69,804","105,830",34%,66%,"-33,778"
19-Aug-08,"39,958","60,322","100,280",40%,60%,"-20,364"
12-Aug-08,"39,822","59,249","99,071",40%,60%,"-19,427"
5-Aug-08,"55,538","64,985","120,523",46%,54%,"-9,447"
29-Jul-08,"51,585","67,803","119,388",43%,57%,"-16,218"
22-Jul-08,"70,588","66,517","137,105",51%,49%,"4,071"
15-Jul-08,"85,052","62,003","147,055",58%,42%,"23,049"
8-Jul-08,"81,210","57,203","138,413",59%,41%,"24,007"
1-Jul-08,"88,162","60,479","148,641",59%,41%,"27,683"
24-Jun-08,"57,904","56,472","114,376",51%,49%,"1,432"
17-Jun-08,"49,514","58,804","108,318",46%,54%,"-9,290"
10-Jun-08,"57,544","65,084","122,628",47%,53%,"-7,540"
3-Jun-08,"55,845","70,299","126,144",44%,56%,"-14,454"
27-May-08,"64,503","67,893","132,396",49%,51%,"-3,390"
20-May-08,"70,240","63,399","133,639",53%,47%,"6,841"
13-May-08,"55,409","64,908","120,317",46%,54%,"-9,499"
6-May-08,"54,383","66,895","121,278",45%,55%,"-12,512"
29-Apr-08,"48,319","69,634","117,953",41%,59%,"-21,315"
22-Apr-08,"81,612","62,705","144,317",57%,43%,"18,907"
15-Apr-08,"77,532","57,439","134,971",57%,43%,"20,093"
8-Apr-08,"86,826","57,391","144,217",60%,40%,"29,435"
1-Apr-08,"80,290","51,218","131,508",61%,39%,"29,072"
25-Mar-08,"90,956","48,185","139,141",65%,35%,"42,771"
18-Mar-08,"78,310","51,789","130,099",60%,40%,"26,521"
11-Mar-08,"81,646","52,547","134,193",61%,39%,"29,099"
4-Mar-08,"73,238","41,228","114,466",64%,36%,"32,010"
26-Feb-08,"75,598","43,820","119,418",63%,37%,"31,778"
19-Feb-08,"60,926","46,196","107,122",57%,43%,"14,730"
12-Feb-08,"55,016","44,721","99,737",55%,45%,"10,295"
5-Feb-08,"60,106","47,542","107,648",56%,44%,"12,564"
29-Jan-08,"62,078","39,622","101,700",61%,39%,"22,456"
22-Jan-08,"65,581","41,836","107,417",61%,39%,"23,745"
15-Jan-08,"81,812","36,830","118,642",69%,31%,"44,982"
8-Jan-08,"85,915","34,013","119,928",72%,28%,"51,902"
31-Dec-07,"71,697","35,042","106,739",67%,33%,"36,655"
24-Dec-07,"68,111","37,470","105,581",65%,35%,"30,641"
18-Dec-07,"67,396","36,247","103,643",65%,35%,"31,149"
11-Dec-07,"91,012","27,638","118,650",77%,23%,"63,374"
4-Dec-07,"93,659","24,542","118,201",79%,21%,"69,117"
27-Nov-07,"91,335","24,779","116,114",79%,21%,"66,556"
20-Nov-07,"98,548","28,520","127,068",78%,22%,"70,028"
13-Nov-07,"98,821","29,392","128,213",77%,23%,"69,429"
6-Nov-07,"109,002","32,954","141,956",77%,23%,"76,048"
30-Oct-07,"100,809","31,961","132,770",76%,24%,"68,848"
23-Oct-07,"100,683","31,667","132,350",76%,24%,"69,016"
16-Oct-07,"116,748","30,144","146,892",79%,21%,"86,604"
9-Oct-07,"117,894","30,728","148,622",79%,21%,"87,166"
2-Oct-07,"132,323","37,883","170,206",78%,22%,"94,440"
25-Sep-07,"122,295","38,847","161,142",76%,24%,"83,448"
18-Sep-07,"123,169","37,120","160,289",77%,23%,"86,049"
11-Sep-07,"86,476","28,262","114,738",75%,25%,"58,214"
4-Sep-07,"78,483","31,838","110,321",71%,29%,"46,645"
28-Aug-07,"74,495","31,669","106,164",70%,30%,"42,826"
21-Aug-07,"74,037","35,574","109,611",68%,32%,"38,463"
14-Aug-07,"90,832","26,158","116,990",78%,22%,"64,674"
7-Aug-07,"111,634","32,605","144,239",77%,23%,"79,029"
31-Jul-07,"104,189","25,736","129,925",80%,20%,"78,453"
24-Jul-07,"126,890","30,475","157,365",81%,19%,"96,415"
17-Jul-07,"123,364","24,179","147,543",84%,16%,"99,185"
10-Jul-07,"129,843","26,947","156,790",83%,17%,"102,896"
3-Jul-07,"101,643","25,119","126,762",80%,20%,"76,524"
26-Jun-07,"92,876","25,443","118,319",78%,22%,"67,433"
19-Jun-07,"85,173","38,832","124,005",69%,31%,"46,341"
12-Jun-07,"93,562","42,924","136,486",69%,31%,"50,638"
5-Jun-07,"119,341","34,376","153,717",78%,22%,"84,965"
29-May-07,"124,206","29,887","154,093",81%,19%,"94,319"
22-May-07,"126,860","31,573","158,433",80%,20%,"95,287"
15-May-07,"146,922","27,384","174,306",84%,16%,"119,538"
8-May-07,"130,342","25,072","155,414",84%,16%,"105,270"
1-May-07,"135,399","28,711","164,110",83%,17%,"106,688"
24-Apr-07,"137,322","26,040","163,362",84%,16%,"111,282"
17-Apr-07,"129,044","22,274","151,318",85%,15%,"106,770"
10-Apr-07,"126,947","22,553","149,500",85%,15%,"104,394"
3-Apr-07,"118,379","23,301","141,680",84%,16%,"95,078"
27-Mar-07,"116,347","22,606","138,953",84%,16%,"93,741"
20-Mar-07,"106,188","18,232","124,420",85%,15%,"87,956"
13-Mar-07,"113,009","16,854","129,863",87%,13%,"96,155"
6-Mar-07,"107,164","18,485","125,649",85%,15%,"88,679"
27-Feb-07,"123,508","20,910","144,418",86%,14%,"102,598"
20-Feb-07,"117,811","18,485","136,296",86%,14%,"99,326"
13-Feb-07,"105,371","21,576","126,947",83%,17%,"83,795"
6-Feb-07,"74,223","28,893","103,116",72%,28%,"45,330"
30-Jan-07,"85,505","22,926","108,431",79%,21%,"62,579"
23-Jan-07,"77,516","16,506","94,022",82%,18%,"61,010"
16-Jan-07,"67,482","13,940","81,422",83%,17%,"53,542"
9-Jan-07,"93,415","18,243","111,658",84%,16%,"75,172"
3-Jan-07,"98,245","20,789","119,034",83%,17%,"77,456"
26-Dec-06,"100,959","20,989","121,948",83%,17%,"79,970"
19-Dec-06,"110,993","19,023","130,016",85%,15%,"91,970"
12-Dec-06,"112,188","15,505","127,693",88%,12%,"96,683"
5-Dec-06,"115,201","16,936","132,137",87%,13%,"98,265"
28-Nov-06,"107,372","17,778","125,150",86%,14%,"89,594"
21-Nov-06,"84,717","19,411","104,128",81%,19%,"65,306"
14-Nov-06,"81,912","21,437","103,349",79%,21%,"60,475"
7-Nov-06,"96,738","27,813","124,551",78%,22%,"68,925"
31-Oct-06,"84,563","24,515","109,078",78%,22%,"60,048"
24-Oct-06,"70,934","43,783","114,717",62%,38%,"27,151"
17-Oct-06,"69,850","43,258","113,108",62%,38%,"26,592"
10-Oct-06,"69,105","32,577","101,682",68%,32%,"36,528"
3-Oct-06,"76,049","19,832","95,881",79%,21%,"56,217"
26-Sep-06,"67,422","17,480","84,902",79%,21%,"49,942"
19-Sep-06,"69,197","18,083","87,280",79%,21%,"51,114"
12-Sep-06,"79,626","12,909","92,535",86%,14%,"66,717"
5-Sep-06,"86,223","11,207","97,430",88%,12%,"75,016"
29-Aug-06,"88,423","8,786","97,209",91%,9%,"79,637"
22-Aug-06,"89,994","8,524","98,518",91%,9%,"81,470"
15-Aug-06,"99,050","8,846","107,896",92%,8%,"90,204"
8-Aug-06,"101,133","9,025","110,158",92%,8%,"92,108"
1-Aug-06,"85,072","11,643","96,715",88%,12%,"73,429"
25-Jul-06,"66,687","16,386","83,073",80%,20%,"50,301"
18-Jul-06,"67,816","16,122","83,938",81%,19%,"51,694"
11-Jul-06,"92,291","14,396","106,687",87%,13%,"77,895"
3-Jul-06,"87,088","18,543","105,631",82%,18%,"68,545"
27-Jun-06,"77,942","13,272","91,214",85%,15%,"64,670"
20-Jun-06,"66,017","13,527","79,544",83%,17%,"52,490"